Product Link,Product Name,Visual Value
=HYPERLINK("https://pim-maestro-v2-dev.app-play.salesfloor.net/product-inventory-management/Saks-SweatshirtsHoodies-5-rasa/0190491090434";"0190491090434"),Winter Heather Slouchy Long Sleeve Sweatshirt,Roundneck
=HYPERLINK("https://pim-maestro-v2-dev.app-play.salesfloor.net/product-inventory-management/Saks-SweatshirtsHoodies-5-rasa/0190491141372";"0190491141372"),Winter Heather Slouchy Long Sleeve Sweatshirt,Roundneck
=HYPERLINK("https://pim-maestro-v2-dev.app-play.salesfloor.net/product-inventory-management/Saks-SweatshirtsHoodies-5-rasa/0190491263050";"0190491263050"),Heathered Cotton-Blend Sweatshirt,Roundneck
=HYPERLINK("https://pim-maestro-v2-dev.app-play.salesfloor.net/product-inventory-management/Saks-SweatshirtsHoodies-5-rasa/0190491267805";"0190491267805"),Winter Heather Slouchy Long Sleeve Sweatshirt,BoatNeck
=HYPERLINK("https://pim-maestro-v2-dev.app-play.salesfloor.net/product-inventory-management/Saks-SweatshirtsHoodies-5-rasa/0191846500646";"0191846500646"),Vintage Tiger Cropped Hoodie,Sweatshirt
=HYPERLINK("https://pim-maestro-v2-dev.app-play.salesfloor.net/product-inventory-management/Saks-SweatshirtsHoodies-5-rasa/0191846503043";"0191846503043"),Eden Rock Cropped Hoodie,Sweatshirt
=HYPERLINK("https://pim-maestro-v2-dev.app-play.salesfloor.net/product-inventory-management/Saks-SweatshirtsHoodies-5-rasa/0192411580674";"0192411580674"),The Champ Printed Logo Pullover Sweatshirt,Roundneck
=HYPERLINK("https://pim-maestro-v2-dev.app-play.salesfloor.net/product-inventory-management/Saks-SweatshirtsHoodies-5-rasa/0192722202692";"0192722202692"),Stretch Corduroy Hooded T-Shirt,Sweatshirt
=HYPERLINK("https://pim-maestro-v2-dev.app-play.salesfloor.net/product-inventory-management/Saks-SweatshirtsHoodies-5-rasa/0192722202708";"0192722202708"),Stretch Corduroy Hooded T-Shirt,Sweatshirt
=HYPERLINK("https://pim-maestro-v2-dev.app-play.salesfloor.net/product-inventory-management/Saks-SweatshirtsHoodies-5-rasa/0192722419793";"0192722419793"),Bi-Color Cotton Glitter Puff Logo Hoodie,Sweatshirt
=HYPERLINK("https://pim-maestro-v2-dev.app-play.salesfloor.net/product-inventory-management/Saks-SweatshirtsHoodies-5-rasa/0192722419793";"0192722419793"),Bi-Color Cotton Glitter Puff Logo Hoodie,RegularLength
=HYPERLINK("https://pim-maestro-v2-dev.app-play.salesfloor.net/product-inventory-management/Saks-SweatshirtsHoodies-5-rasa/0192722426555";"0192722426555"),Glittery Cotton-Blend Logo Hoodie,Sweatshirt
=HYPERLINK("https://pim-maestro-v2-dev.app-play.salesfloor.net/product-inventory-management/Saks-SweatshirtsHoodies-5-rasa/0192739632604";"0192739632604"),Core Stretch Cotton Crop Sweatshirt,ThreeQuarterSleeves
=HYPERLINK("https://pim-maestro-v2-dev.app-play.salesfloor.net/product-inventory-management/Saks-SweatshirtsHoodies-5-rasa/0193318893713";"0193318893713"),The Jolie Striped Cotton Crop Hoodie,Sweatshirt
=HYPERLINK("https://pim-maestro-v2-dev.app-play.salesfloor.net/product-inventory-management/Saks-SweatshirtsHoodies-5-rasa/0193719068598";"0193719068598"),Tie-Dye Hoodie,Sweatshirt
=HYPERLINK("https://pim-maestro-v2-dev.app-play.salesfloor.net/product-inventory-management/Saks-SweatshirtsHoodies-5-rasa/0194421661008";"0194421661008"),Tyler Oversized Logo Sweatshirt,Roundneck
=HYPERLINK("https://pim-maestro-v2-dev.app-play.salesfloor.net/product-inventory-management/Saks-SweatshirtsHoodies-5-rasa/0194421678112";"0194421678112"),Harvey Logo Hoodie,Sweatshirt
=HYPERLINK("https://pim-maestro-v2-dev.app-play.salesfloor.net/product-inventory-management/Saks-SweatshirtsHoodies-5-rasa/0194421767953";"0194421767953"),Lucy Cotton Fleece Hoodie,Sweatshirt
=HYPERLINK("https://pim-maestro-v2-dev.app-play.salesfloor.net/product-inventory-management/Saks-SweatshirtsHoodies-5-rasa/0194715223400";"0194715223400"),Simone Boyfriend Hoodie,Sweatshirt
=HYPERLINK("https://pim-maestro-v2-dev.app-play.salesfloor.net/product-inventory-management/Saks-SweatshirtsHoodies-5-rasa/0194715714472";"0194715714472"),Loyra Faux Shearling Hoodie,Sweatshirt
=HYPERLINK("https://pim-maestro-v2-dev.app-play.salesfloor.net/product-inventory-management/Saks-SweatshirtsHoodies-5-rasa/0194945397810";"0194945397810"),Brandy Graphic Sweatshirt,Crewneck
=HYPERLINK("https://pim-maestro-v2-dev.app-play.salesfloor.net/product-inventory-management/Saks-SweatshirtsHoodies-5-rasa/0194951454965";"0194951454965"),LaCoste x Bandier Cotton-Blend Pullover Hoodie,Sweatshirt
=HYPERLINK("https://pim-maestro-v2-dev.app-play.salesfloor.net/product-inventory-management/Saks-SweatshirtsHoodies-5-rasa/0195225375801";"0195225375801"),Terry Crewneck Sweatshirt,Roundneck
=HYPERLINK("https://pim-maestro-v2-dev.app-play.salesfloor.net/product-inventory-management/Saks-SweatshirtsHoodies-5-rasa/0195225375986";"0195225375986"),Terry Cropped Sweatshirt,Roundneck
=HYPERLINK("https://pim-maestro-v2-dev.app-play.salesfloor.net/product-inventory-management/Saks-SweatshirtsHoodies-5-rasa/0195225445016";"0195225445016"),Terry Crewneck Sweatshirt,Roundneck
=HYPERLINK("https://pim-maestro-v2-dev.app-play.salesfloor.net/product-inventory-management/Saks-SweatshirtsHoodies-5-rasa/0195692035413";"0195692035413"),Theo Camouflage Sweatshirt,Roundneck
=HYPERLINK("https://pim-maestro-v2-dev.app-play.salesfloor.net/product-inventory-management/Saks-SweatshirtsHoodies-5-rasa/0195750177796";"0195750177796"),LaCoste x Bandier Cotton-Blend Pullover Hoodie,Sweatshirt
=HYPERLINK("https://pim-maestro-v2-dev.app-play.salesfloor.net/product-inventory-management/Saks-SweatshirtsHoodies-5-rasa/0195750177802";"0195750177802"),LaCoste x Bandier Cotton-Blend Pullover Hoodie,Sweatshirt
=HYPERLINK("https://pim-maestro-v2-dev.app-play.salesfloor.net/product-inventory-management/Saks-SweatshirtsHoodies-5-rasa/0196521255477";"0196521255477"),Catalina Floral Cotton French Terry Sweatshirt,Roundneck
=HYPERLINK("https://pim-maestro-v2-dev.app-play.salesfloor.net/product-inventory-management/Saks-SweatshirtsHoodies-5-rasa/0196565014306";"0196565014306"),Loyra Faux Shearling Hoodie,Sweatshirt
=HYPERLINK("https://pim-maestro-v2-dev.app-play.salesfloor.net/product-inventory-management/Saks-SweatshirtsHoodies-5-rasa/0196565014337";"0196565014337"),Loyra Faux Shearling Hoodie,Sweatshirt
=HYPERLINK("https://pim-maestro-v2-dev.app-play.salesfloor.net/product-inventory-management/Saks-SweatshirtsHoodies-5-rasa/0196565321763";"0196565321763"),Hana Zip Hoodie,Sweatshirt
=HYPERLINK("https://pim-maestro-v2-dev.app-play.salesfloor.net/product-inventory-management/Saks-SweatshirtsHoodies-5-rasa/0196565333902";"0196565333902"),Fuzzy Logo Hoodie,Sweatshirt
=HYPERLINK("https://pim-maestro-v2-dev.app-play.salesfloor.net/product-inventory-management/Saks-SweatshirtsHoodies-5-rasa/0196565743329";"0196565743329"),Rey Fuzzy Logo Cotton-Blend Hoodie,Sweatshirt
=HYPERLINK("https://pim-maestro-v2-dev.app-play.salesfloor.net/product-inventory-management/Saks-SweatshirtsHoodies-5-rasa/0196565743428";"0196565743428"),Rey Fuzzy Logo Cotton-Blend Hoodie,Sweatshirt
=HYPERLINK("https://pim-maestro-v2-dev.app-play.salesfloor.net/product-inventory-management/Saks-SweatshirtsHoodies-5-rasa/0196565743428";"0196565743428"),Rey Fuzzy Logo Cotton-Blend Hoodie,ShortSleeves
=HYPERLINK("https://pim-maestro-v2-dev.app-play.salesfloor.net/product-inventory-management/Saks-SweatshirtsHoodies-5-rasa/0196646874843";"0196646874843"),Polo Bear Cotton-Blend Hoodie,Sweatshirt
=HYPERLINK("https://pim-maestro-v2-dev.app-play.salesfloor.net/product-inventory-management/Saks-SweatshirtsHoodies-5-rasa/0197242075047";"0197242075047"),Knit Short-Sleeve Hoodie,Sweatshirt
=HYPERLINK("https://pim-maestro-v2-dev.app-play.salesfloor.net/product-inventory-management/Saks-SweatshirtsHoodies-5-rasa/0400155936221";"0400155936221"),Crystal-Embellished Strawberry Fields Hoodie,Sweatshirt
=HYPERLINK("https://pim-maestro-v2-dev.app-play.salesfloor.net/product-inventory-management/Saks-SweatshirtsHoodies-5-rasa/0400181928481";"0400181928481"),Embroidered Logo Hoodie,Sweatshirt
=HYPERLINK("https://pim-maestro-v2-dev.app-play.salesfloor.net/product-inventory-management/Saks-SweatshirtsHoodies-5-rasa/0400194308423";"0400194308423"),Unisex Venice Patch Hoodie,Sweatshirt
=HYPERLINK("https://pim-maestro-v2-dev.app-play.salesfloor.net/product-inventory-management/Saks-SweatshirtsHoodies-5-rasa/0601560230953";"0601560230953"),Donegal Waffle-Knit Hoodie,Sweatshirt
=HYPERLINK("https://pim-maestro-v2-dev.app-play.salesfloor.net/product-inventory-management/Saks-SweatshirtsHoodies-5-rasa/0601560287810";"0601560287810"),Alpaca-Blend Hoodie,Sweatshirt
=HYPERLINK("https://pim-maestro-v2-dev.app-play.salesfloor.net/product-inventory-management/Saks-SweatshirtsHoodies-5-rasa/0621384589815";"0621384589815"),Cotton Terry Hoodie With Valentine's Day Artwork,Sweatshirt
=HYPERLINK("https://pim-maestro-v2-dev.app-play.salesfloor.net/product-inventory-management/Saks-SweatshirtsHoodies-5-rasa/0628343548319";"0628343548319"),Muskoka Hoodie,Sweatshirt
=HYPERLINK("https://pim-maestro-v2-dev.app-play.salesfloor.net/product-inventory-management/Saks-SweatshirtsHoodies-5-rasa/0667113049113";"0667113049113"),Stretch-Cotton Knit Hoodie,Sweatshirt
=HYPERLINK("https://pim-maestro-v2-dev.app-play.salesfloor.net/product-inventory-management/Saks-SweatshirtsHoodies-5-rasa/0719710609099";"0719710609099"),Pickleball Crewneck Sweatshirt,Roundneck
=HYPERLINK("https://pim-maestro-v2-dev.app-play.salesfloor.net/product-inventory-management/Saks-SweatshirtsHoodies-5-rasa/0719710609457";"0719710609457"),Love Stitched Cotton-Blend Sweatshirt,Roundneck
=HYPERLINK("https://pim-maestro-v2-dev.app-play.salesfloor.net/product-inventory-management/Saks-SweatshirtsHoodies-5-rasa/0719710610323";"0719710610323"),Golf Stitched Crewneck Sweatshirt,Roundneck
=HYPERLINK("https://pim-maestro-v2-dev.app-play.salesfloor.net/product-inventory-management/Saks-SweatshirtsHoodies-5-rasa/0728870412760";"0728870412760"),Floral Bonded Stretch Sweatshirt,Collared
=HYPERLINK("https://pim-maestro-v2-dev.app-play.salesfloor.net/product-inventory-management/Saks-SweatshirtsHoodies-5-rasa/0728870417789";"0728870417789"),Trompe L'oeil Printed Cotton Sweatshirt,ThreeQuarterSleeves
=HYPERLINK("https://pim-maestro-v2-dev.app-play.salesfloor.net/product-inventory-management/Saks-SweatshirtsHoodies-5-rasa/0728870436896";"0728870436896"),Organza Crewneck Pullover,ThreeQuarterSleeves
=HYPERLINK("https://pim-maestro-v2-dev.app-play.salesfloor.net/product-inventory-management/Saks-SweatshirtsHoodies-5-rasa/0728870436919";"0728870436919"),Organza Crewneck Pullover,ThreeQuarterSleeves
=HYPERLINK("https://pim-maestro-v2-dev.app-play.salesfloor.net/product-inventory-management/Saks-SweatshirtsHoodies-5-rasa/0808460122672";"0808460122672"),CozyChic Ultra Lite® Drawstring Sweatshirt,BoatNeck
=HYPERLINK("https://pim-maestro-v2-dev.app-play.salesfloor.net/product-inventory-management/Saks-SweatshirtsHoodies-5-rasa/0808460122726";"0808460122726"),CozyChic Ultra Lite® Drawstring Sweatshirt,ThreeQuarterSleeves
=HYPERLINK("https://pim-maestro-v2-dev.app-play.salesfloor.net/product-inventory-management/Saks-SweatshirtsHoodies-5-rasa/0808460122726";"0808460122726"),CozyChic Ultra Lite® Drawstring Sweatshirt,BoatNeck
=HYPERLINK("https://pim-maestro-v2-dev.app-play.salesfloor.net/product-inventory-management/Saks-SweatshirtsHoodies-5-rasa/0808460258388";"0808460258388"),Malibu Butter Heathered Fleece Pullover Sweatshirt,RegularLength
=HYPERLINK("https://pim-maestro-v2-dev.app-play.salesfloor.net/product-inventory-management/Saks-SweatshirtsHoodies-5-rasa/0808460260763";"0808460260763"),CozyChic Teddy Sweater Hoodie,Sweatshirt
=HYPERLINK("https://pim-maestro-v2-dev.app-play.salesfloor.net/product-inventory-management/Saks-SweatshirtsHoodies-5-rasa/0822185482378";"0822185482378"),Moose Knuckles x Telfar Quilted Hoodie,Sweatshirt
=HYPERLINK("https://pim-maestro-v2-dev.app-play.salesfloor.net/product-inventory-management/Saks-SweatshirtsHoodies-5-rasa/0840007926978";"0840007926978"),Waves Pullover Sweatshirt,Crewneck
=HYPERLINK("https://pim-maestro-v2-dev.app-play.salesfloor.net/product-inventory-management/Saks-SweatshirtsHoodies-5-rasa/0840039380281";"0840039380281"),The Jet Hoodie,Sweatshirt
=HYPERLINK("https://pim-maestro-v2-dev.app-play.salesfloor.net/product-inventory-management/Saks-SweatshirtsHoodies-5-rasa/0840039380335";"0840039380335"),The Jet Hoodie,Sweatshirt
=HYPERLINK("https://pim-maestro-v2-dev.app-play.salesfloor.net/product-inventory-management/Saks-SweatshirtsHoodies-5-rasa/0840231763103";"0840231763103"),Alden Short-Sleeve Sweatshirt,ThreeQuarterSleeves
=HYPERLINK("https://pim-maestro-v2-dev.app-play.salesfloor.net/product-inventory-management/Saks-SweatshirtsHoodies-5-rasa/0840283241567";"0840283241567"),Ali Boxy Terry Hoodie,Sweatshirt
=HYPERLINK("https://pim-maestro-v2-dev.app-play.salesfloor.net/product-inventory-management/Saks-SweatshirtsHoodies-5-rasa/0840303695127";"0840303695127"),Tia Pearl Cotton-Blend Cropped Hoodie,Sweatshirt
=HYPERLINK("https://pim-maestro-v2-dev.app-play.salesfloor.net/product-inventory-management/Saks-SweatshirtsHoodies-5-rasa/0840312952198";"0840312952198"),Beachtree Hoodie,Sweatshirt
=HYPERLINK("https://pim-maestro-v2-dev.app-play.salesfloor.net/product-inventory-management/Saks-SweatshirtsHoodies-5-rasa/0840356210872";"0840356210872"),Maja Cotton Sequined Sweatshirt,Crewneck
=HYPERLINK("https://pim-maestro-v2-dev.app-play.salesfloor.net/product-inventory-management/Saks-SweatshirtsHoodies-5-rasa/0841692116682";"0841692116682"),Waves Pullover Sweatshirt,BoatNeck
=HYPERLINK("https://pim-maestro-v2-dev.app-play.salesfloor.net/product-inventory-management/Saks-SweatshirtsHoodies-5-rasa/0842394214942";"0842394214942"),Patti Off-the-Shoulder Sweatshirt,OneShoulder
=HYPERLINK("https://pim-maestro-v2-dev.app-play.salesfloor.net/product-inventory-management/Saks-SweatshirtsHoodies-5-rasa/0843511021962";"0843511021962"),We Are NY Wrap-Front Hoodie,Sweatshirt
=HYPERLINK("https://pim-maestro-v2-dev.app-play.salesfloor.net/product-inventory-management/Saks-SweatshirtsHoodies-5-rasa/0843511035327";"0843511035327"),We Are NY Crop Hoodie,Sweatshirt
=HYPERLINK("https://pim-maestro-v2-dev.app-play.salesfloor.net/product-inventory-management/Saks-SweatshirtsHoodies-5-rasa/0843511035327";"0843511035327"),We Are NY Crop Hoodie,RegularLength
=HYPERLINK("https://pim-maestro-v2-dev.app-play.salesfloor.net/product-inventory-management/Saks-SweatshirtsHoodies-5-rasa/0843511037413";"0843511037413"),Distressed Denim Hoodie,Sweatshirt
=HYPERLINK("https://pim-maestro-v2-dev.app-play.salesfloor.net/product-inventory-management/Saks-SweatshirtsHoodies-5-rasa/0887713837785";"0887713837785"),Cotton-Blend Fringe-Embellished Hoodie,Sweatshirt
=HYPERLINK("https://pim-maestro-v2-dev.app-play.salesfloor.net/product-inventory-management/Saks-SweatshirtsHoodies-5-rasa/0887713837815";"0887713837815"),Cotton-Blend Fringe-Embellished Hoodie,Sweatshirt
=HYPERLINK("https://pim-maestro-v2-dev.app-play.salesfloor.net/product-inventory-management/Saks-SweatshirtsHoodies-5-rasa/0887713838027";"0887713838027"),Oversized Cotton-Cashmere Zip Hoodie,ThreeQuarterSleeves
=HYPERLINK("https://pim-maestro-v2-dev.app-play.salesfloor.net/product-inventory-management/Saks-SweatshirtsHoodies-5-rasa/0887713838058";"0887713838058"),Oversized Cotton-Cashmere Zip Hoodie,ThreeQuarterSleeves
=HYPERLINK("https://pim-maestro-v2-dev.app-play.salesfloor.net/product-inventory-management/Saks-SweatshirtsHoodies-5-rasa/0888209647390";"0888209647390"),Oversized Wool-Blend Sherpa Hoodie,Sweatshirt
=HYPERLINK("https://pim-maestro-v2-dev.app-play.salesfloor.net/product-inventory-management/Saks-SweatshirtsHoodies-5-rasa/0888721447430";"0888721447430"),Brushed Long-Sleeve Top,Roundneck
=HYPERLINK("https://pim-maestro-v2-dev.app-play.salesfloor.net/product-inventory-management/Saks-SweatshirtsHoodies-5-rasa/0889069925307";"0889069925307"),Kamala Long-Sleeve Sweatshirt,BoatNeck
=HYPERLINK("https://pim-maestro-v2-dev.app-play.salesfloor.net/product-inventory-management/Saks-SweatshirtsHoodies-5-rasa/0889069932886";"0889069932886"),Emmaline Cotton Floral Cropped Sweatshirt,BoatNeck
=HYPERLINK("https://pim-maestro-v2-dev.app-play.salesfloor.net/product-inventory-management/Saks-SweatshirtsHoodies-5-rasa/0889316615234";"0889316615234"),Stretch-Cotton Cropped Hoodie,Sweatshirt
=HYPERLINK("https://pim-maestro-v2-dev.app-play.salesfloor.net/product-inventory-management/Saks-SweatshirtsHoodies-5-rasa/0889316618297";"0889316618297"),Stretch-Cotton Crewneck Sweatshirt,BoatNeck
=HYPERLINK("https://pim-maestro-v2-dev.app-play.salesfloor.net/product-inventory-management/Saks-SweatshirtsHoodies-5-rasa/3607171833450";"3607171833450"),Mercier Embroidered Cotton Hoodie,Sweatshirt
=HYPERLINK("https://pim-maestro-v2-dev.app-play.salesfloor.net/product-inventory-management/Saks-SweatshirtsHoodies-5-rasa/3607171937196";"3607171937196"),Cropped Double S Sweatshirt,Crewneck
=HYPERLINK("https://pim-maestro-v2-dev.app-play.salesfloor.net/product-inventory-management/Saks-SweatshirtsHoodies-5-rasa/3607624463432";"3607624463432"),Georgy Manifesto-Print Hoodie,Sweatshirt
=HYPERLINK("https://pim-maestro-v2-dev.app-play.salesfloor.net/product-inventory-management/Saks-SweatshirtsHoodies-5-rasa/3612230352926";"3612230352926"),Poppy Graphic Crewneck Sweatshirt,LongSleeves
=HYPERLINK("https://pim-maestro-v2-dev.app-play.salesfloor.net/product-inventory-management/Saks-SweatshirtsHoodies-5-rasa/3612230352933";"3612230352933"),Poppy Graphic Crewneck Sweatshirt,LongSleeves
=HYPERLINK("https://pim-maestro-v2-dev.app-play.salesfloor.net/product-inventory-management/Saks-SweatshirtsHoodies-5-rasa/3612230352940";"3612230352940"),Poppy Graphic Crewneck Sweatshirt,LongSleeves
=HYPERLINK("https://pim-maestro-v2-dev.app-play.salesfloor.net/product-inventory-management/Saks-SweatshirtsHoodies-5-rasa/3612230352940";"3612230352940"),Poppy Graphic Crewneck Sweatshirt,Roundneck
=HYPERLINK("https://pim-maestro-v2-dev.app-play.salesfloor.net/product-inventory-management/Saks-SweatshirtsHoodies-5-rasa/3612230353183";"3612230353183"),Crest Logo Classic Hoodie,Sweatshirt
=HYPERLINK("https://pim-maestro-v2-dev.app-play.salesfloor.net/product-inventory-management/Saks-SweatshirtsHoodies-5-rasa/3612230353190";"3612230353190"),Crest Logo Classic Hoodie,Sweatshirt
=HYPERLINK("https://pim-maestro-v2-dev.app-play.salesfloor.net/product-inventory-management/Saks-SweatshirtsHoodies-5-rasa/3615092527877";"3615092527877"),Logo Boxy Lace-Up Hoodie,Sweatshirt
=HYPERLINK("https://pim-maestro-v2-dev.app-play.salesfloor.net/product-inventory-management/Saks-SweatshirtsHoodies-5-rasa/3615092560768";"3615092560768"),Drawstring Logo Hoodie,Sweatshirt
=HYPERLINK("https://pim-maestro-v2-dev.app-play.salesfloor.net/product-inventory-management/Saks-SweatshirtsHoodies-5-rasa/3615092595944";"3615092595944"),Université Sweatshirt,Crewneck
=HYPERLINK("https://pim-maestro-v2-dev.app-play.salesfloor.net/product-inventory-management/Saks-SweatshirtsHoodies-5-rasa/3615092602383";"3615092602383"),Cotton Hoodie,Sweatshirt
=HYPERLINK("https://pim-maestro-v2-dev.app-play.salesfloor.net/product-inventory-management/Saks-SweatshirtsHoodies-5-rasa/3615092644789";"3615092644789"),Hoodie,Sweatshirt
=HYPERLINK("https://pim-maestro-v2-dev.app-play.salesfloor.net/product-inventory-management/Saks-SweatshirtsHoodies-5-rasa/3615092731410";"3615092731410"),Hoodie,Sweatshirt
=HYPERLINK("https://pim-maestro-v2-dev.app-play.salesfloor.net/product-inventory-management/Saks-SweatshirtsHoodies-5-rasa/3615092731441";"3615092731441"),Saint Laurent Hoodie,Sweatshirt
=HYPERLINK("https://pim-maestro-v2-dev.app-play.salesfloor.net/product-inventory-management/Saks-SweatshirtsHoodies-5-rasa/3615092770266";"3615092770266"),Hoodie,Sweatshirt
=HYPERLINK("https://pim-maestro-v2-dev.app-play.salesfloor.net/product-inventory-management/Saks-SweatshirtsHoodies-5-rasa/3615092834661";"3615092834661"),Fleece Hoodie,Sweatshirt
=HYPERLINK("https://pim-maestro-v2-dev.app-play.salesfloor.net/product-inventory-management/Saks-SweatshirtsHoodies-5-rasa/3615884225622";"3615884225622"),Flocked Logo Cropped Hoodie,Sweatshirt
=HYPERLINK("https://pim-maestro-v2-dev.app-play.salesfloor.net/product-inventory-management/Saks-SweatshirtsHoodies-5-rasa/3615884225639";"3615884225639"),Flocked Logo Cropped Hoodie,Sweatshirt
=HYPERLINK("https://pim-maestro-v2-dev.app-play.salesfloor.net/product-inventory-management/Saks-SweatshirtsHoodies-5-rasa/3615884225646";"3615884225646"),Flocked Logo Cropped Hoodie,Sweatshirt
=HYPERLINK("https://pim-maestro-v2-dev.app-play.salesfloor.net/product-inventory-management/Saks-SweatshirtsHoodies-5-rasa/3617010100384";"3617010100384"),Cotton Logo Hoodie,Sweatshirt
=HYPERLINK("https://pim-maestro-v2-dev.app-play.salesfloor.net/product-inventory-management/Saks-SweatshirtsHoodies-5-rasa/3617010100858";"3617010100858"),Oswald Hoodie In Felpa,Sweatshirt
=HYPERLINK("https://pim-maestro-v2-dev.app-play.salesfloor.net/product-inventory-management/Saks-SweatshirtsHoodies-5-rasa/3617010100988";"3617010100988"),Oversized Hoodie In Pearl Embroidered Jersey,Sweatshirt
=HYPERLINK("https://pim-maestro-v2-dev.app-play.salesfloor.net/product-inventory-management/Saks-SweatshirtsHoodies-5-rasa/3617010100988";"3617010100988"),Oversized Hoodie In Pearl Embroidered Jersey,ThreeQuarterSleeves
=HYPERLINK("https://pim-maestro-v2-dev.app-play.salesfloor.net/product-inventory-management/Saks-SweatshirtsHoodies-5-rasa/3617010102036";"3617010102036"),Cropped Hoodie With Embroidered Patches,Sweatshirt
=HYPERLINK("https://pim-maestro-v2-dev.app-play.salesfloor.net/product-inventory-management/Saks-SweatshirtsHoodies-5-rasa/3617010102036";"3617010102036"),Cropped Hoodie With Embroidered Patches,RegularLength
=HYPERLINK("https://pim-maestro-v2-dev.app-play.salesfloor.net/product-inventory-management/Saks-SweatshirtsHoodies-5-rasa/3661601847875";"3661601847875"),Totola Cotton Hoodie,Sweatshirt
=HYPERLINK("https://pim-maestro-v2-dev.app-play.salesfloor.net/product-inventory-management/Saks-SweatshirtsHoodies-5-rasa/3664205611309";"3664205611309"),Hoodie,Sweatshirt
=HYPERLINK("https://pim-maestro-v2-dev.app-play.salesfloor.net/product-inventory-management/Saks-SweatshirtsHoodies-5-rasa/3664205759865";"3664205759865"),Hoodie Sweater Logo,Sweatshirt
=HYPERLINK("https://pim-maestro-v2-dev.app-play.salesfloor.net/product-inventory-management/Saks-SweatshirtsHoodies-5-rasa/3665743097884";"3665743097884"),Political Campaign Hoodie Large Fit,Sweatshirt
=HYPERLINK("https://pim-maestro-v2-dev.app-play.salesfloor.net/product-inventory-management/Saks-SweatshirtsHoodies-5-rasa/3665743097884";"3665743097884"),Political Campaign Hoodie Large Fit,ThreeQuarterSleeves
=HYPERLINK("https://pim-maestro-v2-dev.app-play.salesfloor.net/product-inventory-management/Saks-SweatshirtsHoodies-5-rasa/3665743197850";"3665743197850"),Political Campaign Hoodie Large Fit,Sweatshirt
=HYPERLINK("https://pim-maestro-v2-dev.app-play.salesfloor.net/product-inventory-management/Saks-SweatshirtsHoodies-5-rasa/3665743471028";"3665743471028"),Political Campaign Medium Fit Hoodie,Sweatshirt
=HYPERLINK("https://pim-maestro-v2-dev.app-play.salesfloor.net/product-inventory-management/Saks-SweatshirtsHoodies-5-rasa/3665743565758";"3665743565758"),Political Campaign Medium Fit Hoodie,Sweatshirt
=HYPERLINK("https://pim-maestro-v2-dev.app-play.salesfloor.net/product-inventory-management/Saks-SweatshirtsHoodies-5-rasa/3665743643975";"3665743643975"),Logo Hoodie Medium Fit,Sweatshirt
=HYPERLINK("https://pim-maestro-v2-dev.app-play.salesfloor.net/product-inventory-management/Saks-SweatshirtsHoodies-5-rasa/3665743656418";"3665743656418"),Cities Paris Hoodie Wide Fit,Sweatshirt
=HYPERLINK("https://pim-maestro-v2-dev.app-play.salesfloor.net/product-inventory-management/Saks-SweatshirtsHoodies-5-rasa/3665743657613";"3665743657613"),Cities Paris Hoodie Wide Fit,Sweatshirt
=HYPERLINK("https://pim-maestro-v2-dev.app-play.salesfloor.net/product-inventory-management/Saks-SweatshirtsHoodies-5-rasa/3665743662884";"3665743662884"),Maison Hoodie Wide Fit,Sweatshirt
=HYPERLINK("https://pim-maestro-v2-dev.app-play.salesfloor.net/product-inventory-management/Saks-SweatshirtsHoodies-5-rasa/3665743743927";"3665743743927"),Cities Paris Hoodie Wide Fit,Sweatshirt
=HYPERLINK("https://pim-maestro-v2-dev.app-play.salesfloor.net/product-inventory-management/Saks-SweatshirtsHoodies-5-rasa/3665743744795";"3665743744795"),Political Campaign Hoodie Large Fit,Sweatshirt
=HYPERLINK("https://pim-maestro-v2-dev.app-play.salesfloor.net/product-inventory-management/Saks-SweatshirtsHoodies-5-rasa/3665743771012";"3665743771012"),Political Campaign Hoodie Large Fit,Sweatshirt
=HYPERLINK("https://pim-maestro-v2-dev.app-play.salesfloor.net/product-inventory-management/Saks-SweatshirtsHoodies-5-rasa/3665743888802";"3665743888802"),Fashion Institute Hoodie,Sweatshirt
=HYPERLINK("https://pim-maestro-v2-dev.app-play.salesfloor.net/product-inventory-management/Saks-SweatshirtsHoodies-5-rasa/3665743912538";"3665743912538"),BB Paris Icon Hoodie Medium Fit,Sweatshirt
=HYPERLINK("https://pim-maestro-v2-dev.app-play.salesfloor.net/product-inventory-management/Saks-SweatshirtsHoodies-5-rasa/3665743912613";"3665743912613"),BB Paris Icon Hoodie Medium Fit,Sweatshirt
=HYPERLINK("https://pim-maestro-v2-dev.app-play.salesfloor.net/product-inventory-management/Saks-SweatshirtsHoodies-5-rasa/3665743929680";"3665743929680"),Political Campaign Hoodie Large Fit,Sweatshirt
=HYPERLINK("https://pim-maestro-v2-dev.app-play.salesfloor.net/product-inventory-management/Saks-SweatshirtsHoodies-5-rasa/3665743929697";"3665743929697"),Turn Hoodie Large Fit,Sweatshirt
=HYPERLINK("https://pim-maestro-v2-dev.app-play.salesfloor.net/product-inventory-management/Saks-SweatshirtsHoodies-5-rasa/3665743960263";"3665743960263"),Hand Drawn 3B Bal Hoodie,Sweatshirt
=HYPERLINK("https://pim-maestro-v2-dev.app-play.salesfloor.net/product-inventory-management/Saks-SweatshirtsHoodies-5-rasa/3665743968344";"3665743968344"),3B Sports Icon Sweatshirt,ThreeQuarterSleeves
=HYPERLINK("https://pim-maestro-v2-dev.app-play.salesfloor.net/product-inventory-management/Saks-SweatshirtsHoodies-5-rasa/3665743971153";"3665743971153"),Hand Drawn 3B Bal Hoodie,Sweatshirt
=HYPERLINK("https://pim-maestro-v2-dev.app-play.salesfloor.net/product-inventory-management/Saks-SweatshirtsHoodies-5-rasa/3665743988328";"3665743988328"),Gaffer Hoodie Medium Fit,Sweatshirt
=HYPERLINK("https://pim-maestro-v2-dev.app-play.salesfloor.net/product-inventory-management/Saks-SweatshirtsHoodies-5-rasa/3665743992240";"3665743992240"),Oversized Hoodie,Sweatshirt
=HYPERLINK("https://pim-maestro-v2-dev.app-play.salesfloor.net/product-inventory-management/Saks-SweatshirtsHoodies-5-rasa/3665743992240";"3665743992240"),Oversized Hoodie,ThreeQuarterSleeves
=HYPERLINK("https://pim-maestro-v2-dev.app-play.salesfloor.net/product-inventory-management/Saks-SweatshirtsHoodies-5-rasa/3666513594589";"3666513594589"),Oversized Hoodie In Pearl Embroidered Jersey,Sweatshirt
=HYPERLINK("https://pim-maestro-v2-dev.app-play.salesfloor.net/product-inventory-management/Saks-SweatshirtsHoodies-5-rasa/3666513595128";"3666513595128"),Slim Fit Hoodie In Embroidered Jersey,Sweatshirt
=HYPERLINK("https://pim-maestro-v2-dev.app-play.salesfloor.net/product-inventory-management/Saks-SweatshirtsHoodies-5-rasa/3666620008467";"3666620008467"),Political Campaign Hoodie Large Fit,Sweatshirt
=HYPERLINK("https://pim-maestro-v2-dev.app-play.salesfloor.net/product-inventory-management/Saks-SweatshirtsHoodies-5-rasa/3666620008481";"3666620008481"),Fashion Institute Hoodie,Sweatshirt
=HYPERLINK("https://pim-maestro-v2-dev.app-play.salesfloor.net/product-inventory-management/Saks-SweatshirtsHoodies-5-rasa/3666620013324";"3666620013324"),Balenciaga / Adidas Hoodie,Sweatshirt
=HYPERLINK("https://pim-maestro-v2-dev.app-play.salesfloor.net/product-inventory-management/Saks-SweatshirtsHoodies-5-rasa/3666620034770";"3666620034770"),Care Label Hoodie Medium Fit,Sweatshirt
=HYPERLINK("https://pim-maestro-v2-dev.app-play.salesfloor.net/product-inventory-management/Saks-SweatshirtsHoodies-5-rasa/3666620038815";"3666620038815"),Hand Drawn BB Icon Hoodie,Sweatshirt
=HYPERLINK("https://pim-maestro-v2-dev.app-play.salesfloor.net/product-inventory-management/Saks-SweatshirtsHoodies-5-rasa/3666620042201";"3666620042201"),Hand Drawn BB Icon Hoodie,Sweatshirt
=HYPERLINK("https://pim-maestro-v2-dev.app-play.salesfloor.net/product-inventory-management/Saks-SweatshirtsHoodies-5-rasa/3666620042232";"3666620042232"),Hand Drawn BB Icon Hoodie,Sweatshirt
=HYPERLINK("https://pim-maestro-v2-dev.app-play.salesfloor.net/product-inventory-management/Saks-SweatshirtsHoodies-5-rasa/3666620101274";"3666620101274"),Political Campaign Hoodie Large Fit,Sweatshirt
=HYPERLINK("https://pim-maestro-v2-dev.app-play.salesfloor.net/product-inventory-management/Saks-SweatshirtsHoodies-5-rasa/3666620132025";"3666620132025"),Back Hoodie,Sweatshirt
=HYPERLINK("https://pim-maestro-v2-dev.app-play.salesfloor.net/product-inventory-management/Saks-SweatshirtsHoodies-5-rasa/3666620141843";"3666620141843"),Tape Type Ripped Pocket Hoodie,Sweatshirt
=HYPERLINK("https://pim-maestro-v2-dev.app-play.salesfloor.net/product-inventory-management/Saks-SweatshirtsHoodies-5-rasa/3666620142635";"3666620142635"),Tape Type Ripped Pocket Hoodie,Sweatshirt
=HYPERLINK("https://pim-maestro-v2-dev.app-play.salesfloor.net/product-inventory-management/Saks-SweatshirtsHoodies-5-rasa/3666620177101";"3666620177101"),BB Paris Strass Zip-up Hoodie Fitted,RegularLength
=HYPERLINK("https://pim-maestro-v2-dev.app-play.salesfloor.net/product-inventory-management/Saks-SweatshirtsHoodies-5-rasa/3666620177576";"3666620177576"),BB Paris Strass Zip-up Hoodie Fitted,RegularLength
=HYPERLINK("https://pim-maestro-v2-dev.app-play.salesfloor.net/product-inventory-management/Saks-SweatshirtsHoodies-5-rasa/3666620178054";"3666620178054"),BB Paris Strass Zip-up Hoodie Fitted,RegularLength
=HYPERLINK("https://pim-maestro-v2-dev.app-play.salesfloor.net/product-inventory-management/Saks-SweatshirtsHoodies-5-rasa/3666620179211";"3666620179211"),BB Paris Strass Zip-up Hoodie Fitted,RegularLength
=HYPERLINK("https://pim-maestro-v2-dev.app-play.salesfloor.net/product-inventory-management/Saks-SweatshirtsHoodies-5-rasa/3666620212468";"3666620212468"),Back Hoodie,Sweatshirt
=HYPERLINK("https://pim-maestro-v2-dev.app-play.salesfloor.net/product-inventory-management/Saks-SweatshirtsHoodies-5-rasa/3666620234972";"3666620234972"),Back Flip Round Oversized Hoodie,Sweatshirt
=HYPERLINK("https://pim-maestro-v2-dev.app-play.salesfloor.net/product-inventory-management/Saks-SweatshirtsHoodies-5-rasa/3666620242410";"3666620242410"),Political Campaign Oversized Hoodie Oversized,Sweatshirt
=HYPERLINK("https://pim-maestro-v2-dev.app-play.salesfloor.net/product-inventory-management/Saks-SweatshirtsHoodies-5-rasa/3700943210647";"3700943210647"),Embroidered Logo Hoodie,Sweatshirt
=HYPERLINK("https://pim-maestro-v2-dev.app-play.salesfloor.net/product-inventory-management/Saks-SweatshirtsHoodies-5-rasa/3700943210883";"3700943210883"),Embroidered Logo Hoodie,Sweatshirt
=HYPERLINK("https://pim-maestro-v2-dev.app-play.salesfloor.net/product-inventory-management/Saks-SweatshirtsHoodies-5-rasa/4570156101754";"4570156101754"),Sponge Sweat Hoodie,Sweatshirt
=HYPERLINK("https://pim-maestro-v2-dev.app-play.salesfloor.net/product-inventory-management/Saks-SweatshirtsHoodies-5-rasa/5045704588480";"5045704588480"),Check Fleece Oversized Hoodie,Sweatshirt
=HYPERLINK("https://pim-maestro-v2-dev.app-play.salesfloor.net/product-inventory-management/Saks-SweatshirtsHoodies-5-rasa/5056204087496";"5056204087496"),Oversized Half-Zip Hoodie,Sweatshirt
=HYPERLINK("https://pim-maestro-v2-dev.app-play.salesfloor.net/product-inventory-management/Saks-SweatshirtsHoodies-5-rasa/8050848411829";"8050848411829"),Logo Cotton Hoodie,Sweatshirt
=HYPERLINK("https://pim-maestro-v2-dev.app-play.salesfloor.net/product-inventory-management/Saks-SweatshirtsHoodies-5-rasa/8051782367425";"8051782367425"),Cashmere-Blend Hoodie,Sweatshirt
=HYPERLINK("https://pim-maestro-v2-dev.app-play.salesfloor.net/product-inventory-management/Saks-SweatshirtsHoodies-5-rasa/8053460279686";"8053460279686"),Numbered Quarter-Zip Hoodie,Sweatshirt
=HYPERLINK("https://pim-maestro-v2-dev.app-play.salesfloor.net/product-inventory-management/Saks-SweatshirtsHoodies-5-rasa/8053460425380";"8053460425380"),Mixed-Media Cotton-Blend Hoodie,Sweatshirt
=HYPERLINK("https://pim-maestro-v2-dev.app-play.salesfloor.net/product-inventory-management/Saks-SweatshirtsHoodies-5-rasa/8053875035808";"8053875035808"),Mainline Knit Wool & Cashmere Hoodie,Sweatshirt
=HYPERLINK("https://pim-maestro-v2-dev.app-play.salesfloor.net/product-inventory-management/Saks-SweatshirtsHoodies-5-rasa/8053875136314";"8053875136314"),Peanuts© x Moncler Snoopy© Hoodie,Sweatshirt
=HYPERLINK("https://pim-maestro-v2-dev.app-play.salesfloor.net/product-inventory-management/Saks-SweatshirtsHoodies-5-rasa/8053875240523";"8053875240523"),Day-Namic Snap-Front Knit Hoodie,Sweatshirt
=HYPERLINK("https://pim-maestro-v2-dev.app-play.salesfloor.net/product-inventory-management/Saks-SweatshirtsHoodies-5-rasa/8055167078265";"8055167078265"),Mirage Boxy-Fit Hoodie,Sweatshirt
=HYPERLINK("https://pim-maestro-v2-dev.app-play.salesfloor.net/product-inventory-management/Saks-SweatshirtsHoodies-5-rasa/8055167146582";"8055167146582"),Cropped Quarter-Zip Hoodie,Sweatshirt
=HYPERLINK("https://pim-maestro-v2-dev.app-play.salesfloor.net/product-inventory-management/Saks-SweatshirtsHoodies-5-rasa/8055167146728";"8055167146728"),Cropped Ruched Hoodie,Sweatshirt
=HYPERLINK("https://pim-maestro-v2-dev.app-play.salesfloor.net/product-inventory-management/Saks-SweatshirtsHoodies-5-rasa/8056133865643";"8056133865643"),Embroidered Jersey Hoodie,Sweatshirt
=HYPERLINK("https://pim-maestro-v2-dev.app-play.salesfloor.net/product-inventory-management/Saks-SweatshirtsHoodies-5-rasa/8056133865643";"8056133865643"),Embroidered Jersey Hoodie,RegularLength
=HYPERLINK("https://pim-maestro-v2-dev.app-play.salesfloor.net/product-inventory-management/Saks-SweatshirtsHoodies-5-rasa/8056265326265";"8056265326265"),Logo Cropped Hoodie,Sweatshirt
=HYPERLINK("https://pim-maestro-v2-dev.app-play.salesfloor.net/product-inventory-management/Saks-SweatshirtsHoodies-5-rasa/8056993744164";"8056993744164"),Oversized Cotton Logo Hoodie,Sweatshirt
=HYPERLINK("https://pim-maestro-v2-dev.app-play.salesfloor.net/product-inventory-management/Saks-SweatshirtsHoodies-5-rasa/8057151640861";"8057151640861"),Stretch Cotton Logo Hoodie,Sweatshirt
=HYPERLINK("https://pim-maestro-v2-dev.app-play.salesfloor.net/product-inventory-management/Saks-SweatshirtsHoodies-5-rasa/8057272720398";"8057272720398"),Oversized Cotton Fleece Hoodie,Sweatshirt
=HYPERLINK("https://pim-maestro-v2-dev.app-play.salesfloor.net/product-inventory-management/Saks-SweatshirtsHoodies-5-rasa/8445555180913";"8445555180913"),Cotton Logo Hoodie,Sweatshirt
